transaction_id,user_id,merchant_id,transaction_amount,transaction_date,payment_method,transaction_status,device_type,city
396765,16606,50825,477.68,2026-04-06 08:11:41.497580,Wallet,Success,Mobile,Ahmedabad
201135,71933,57744,30381.05,2025-09-10 08:11:41.497595,Card,Failed,Desktop,Hyderabad
347385,37607,50022,141.88,2025-08-20 08:11:41.497597,UPI,Success,Mobile,Ahmedabad
498727,54743,50580,1273.52,2025-04-20 08:11:41.497598,Card,Success,Desktop,Bangalore
682320,33561,58343,873.21,2025-06-07 08:11:41.497600,Card,Failed,Desktop,Chennai
879458,46442,52182,794.16,2025-08-10 08:11:41.497601,Wallet,Success,Desktop,Ahmedabad
836045,20942,51809,31164.57,2025-11-09 08:11:41.497602,Net Banking,Success,Desktop,Delhi
972894,92391,50436,44431.19,2026-03-22 08:11:41.497603,UPI,Success,Desktop,Hyderabad
996408,14645,53957,1455.41,2025-12-10 08:11:41.497604,Card,Fraud,Mobile,Pune
956990,14199,50924,1097.09,2025-11-11 08:11:41.497605,Net Banking,Success,Desktop,Chennai
459267,33822,56414,1299.88,2025-04-11 08:11:41.497606,UPI,Success,Mobile,Delhi
620860,37607,54962,897.79,2025-11-14 08:11:41.497607,Net Banking,Success,Mobile,Chennai
494588,15711,53840,1909.94,2025-04-13 08:11:41.497608,Net Banking,Success,Desktop,Delhi
856822,85845,52262,563.61,2025-01-22 08:11:41.497609,Net Banking,Failed,Desktop,Hyderabad
426459,78101,59780,398.37,2025-08-18 08:11:41.497610,UPI,Success,Desktop,Pune
989253,70433,54250,44820.74,2026-03-02 08:11:41.497611,Net Banking,Success,Mobile,Chennai
439381,23393,58617,1295.95,2025-04-21 08:11:41.497611,Net Banking,Success,Mobile,Mumbai
834514,72610,57610,348.04,2025-12-09 08:11:41.497612,Wallet,Success,Desktop,Hyderabad
147021,72610,54448,1101.79,2024-12-20 08:11:41.497613,Card,Success,Mobile,Bangalore
393568,33561,57429,1084.19,2025-11-23 08:11:41.497614,Wallet,Success,Desktop,Mumbai
852554,50858,54598,682.1,2025-02-28 08:11:41.497615,UPI,Failed,Mobile,Chennai
696123,36969,54745,1861.74,2025-02-26 08:11:41.497616,Card,Success,Desktop,Delhi
357058,18341,57372,1671.75,2025-05-22 08:11:41.497617,Card,Success,Mobile,Mumbai
351397,37753,52787,162.95,2025-06-10 08:11:41.497618,UPI,Success,Mobile,Chennai
514398,84146,52113,1896.55,2025-05-04 08:11:41.497619,Wallet,Success,Mobile,Mumbai
991007,74520,59127,997.68,2025-02-20 08:11:41.497620,Card,Success,Mobile,Chennai
778000,13233,50845,1533.17,2024-12-15 08:11:41.497621,Card,Failed,Mobile,Ahmedabad
252812,82953,50838,300.36,2025-12-27 08:11:41.497622,Card,Failed,Mobile,Mumbai
611903,74520,54429,1122.12,2025-09-02 08:11:41.497623,Wallet,Success,Desktop,Pune
982966,36217,58929,1751.24,2026-02-08 08:11:41.497624,UPI,Success,Mobile,Pune
352800,98436,59146,463.01,2025-07-03 08:11:41.497625,UPI,Success,Mobile,Hyderabad
746748,57667,51947,1473.37,2025-12-13 08:11:41.497626,Card,Success,Mobile,Chennai
835838,72903,55621,657.85,2025-05-11 08:11:41.497627,Card,Success,Mobile,Ahmedabad
942274,34724,55602,35995.12,2026-01-21 08:11:41.497628,Card,Success,Mobile,Ahmedabad
159958,23393,50422,1059.27,2024-12-28 08:11:41.497629,Card,Success,Desktop,Chennai
596035,33561,57234,488.16,2025-11-22 08:11:41.497630,UPI,Success,Desktop,Delhi
892917,54743,57121,1197.2,2025-02-08 08:11:41.497631,Wallet,Failed,Desktop,Hyderabad
876820,71567,56507,479.42,2026-01-25 08:11:41.497632,Card,Failed,Desktop,Mumbai
828984,37753,56043,1280.65,2026-03-02 08:11:41.497633,Card,Success,Desktop,Hyderabad
965004,96952,50944,1815.57,2026-03-08 08:11:41.497633,Wallet,Success,Mobile,Pune
344829,55882,55985,188.17,2026-01-13 08:11:41.497634,Card,Success,Mobile,Mumbai
168876,98436,59626,1354.51,2025-02-26 08:11:41.497635,UPI,Success,Mobile,Pune
651787,80958,56415,308.01,2025-11-01 08:11:41.497636,UPI,Success,Desktop,Bangalore
135110,70433,50358,32841.72,2025-06-07 08:11:41.497637,Card,Success,Desktop,Mumbai
702787,92391,54013,1580.01,2025-03-20 08:11:41.497638,Card,Success,Mobile,Hyderabad
307194,20942,51455,421.3,2025-02-09 08:11:41.497640,UPI,Success,Mobile,Chennai
600303,59213,56189,890.55,2025-06-20 08:11:41.497641,UPI,Success,Mobile,Bangalore
603927,46442,55884,960.7,2024-12-22 08:11:41.497642,UPI,Fraud,Mobile,Ahmedabad
300195,33822,57500,1363.06,2025-11-11 08:11:41.497642,Card,Success,Desktop,Delhi
927993,97554,57593,13936.71,2025-08-26 08:11:41.497643,Card,Success,Desktop,Chennai
164176,82564,59544,711.64,2026-02-03 08:11:41.497644,Card,Success,Desktop,Chennai
614578,13233,50218,534.88,2025-08-11 08:11:41.497645,UPI,Failed,Mobile,Delhi
344595,53383,55155,924.8,2025-04-20 08:11:41.497646,UPI,Success,Desktop,Delhi
233445,96952,57925,593.16,2025-11-03 08:11:41.497647,Net Banking,Success,Mobile,Mumbai
610233,36135,52448,1850.37,2025-04-14 08:11:41.497648,Wallet,Failed,Desktop,Hyderabad
532283,94681,57570,1729.63,2025-09-13 08:11:41.497649,UPI,Success,Mobile,Pune
152941,30475,53527,148.65,2024-12-11 08:11:41.497650,UPI,Success,Desktop,Chennai
190400,22456,50152,43441.1,2025-11-19 08:11:41.497651,Net Banking,Success,Desktop,Mumbai
248924,82480,56717,47054.68,2025-07-25 08:11:41.497652,UPI,Failed,Mobile,Ahmedabad
544870,71227,51903,374.31,2025-07-05 08:11:41.497653,Wallet,Success,Mobile,Hyderabad
621563,63401,51223,466.81,2025-07-29 08:11:41.497654,Wallet,Success,Desktop,Bangalore
305414,82562,54453,164.34,2025-08-26 08:11:41.497655,Net Banking,Failed,Desktop,Hyderabad
683690,55407,53122,1971.35,2026-02-25 08:11:41.497656,UPI,Success,Desktop,Bangalore
129273,71567,57114,1578.94,2025-06-05 08:11:41.497657,UPI,Success,Desktop,Delhi
147636,82562,55899,874.86,2026-03-18 08:11:41.497658,Wallet,Failed,Mobile,Ahmedabad
202014,54743,55758,49816.91,2025-01-07 08:11:41.497659,Net Banking,Success,Mobile,Mumbai
276325,46442,54296,1450.9,2025-08-29 08:11:41.497660,Net Banking,Failed,Desktop,Ahmedabad
211901,36217,53556,628.58,2025-03-27 08:11:41.497660,UPI,Success,Mobile,Mumbai
422783,55407,50183,33167.21,2025-10-24 08:11:41.497661,UPI,Success,Mobile,Pune
758309,63401,54501,1508.55,2025-06-02 08:11:41.497662,Wallet,Failed,Desktop,Bangalore
729427,95590,53084,1189.15,2025-11-30 08:11:41.497663,Net Banking,Success,Mobile,Chennai
655022,33561,51772,1712.8,2026-03-25 08:11:41.497664,Card,Failed,Desktop,Ahmedabad
978580,34724,51783,1923.52,2026-02-20 08:11:41.497665,Card,Success,Mobile,Delhi
227219,42289,54939,412.36,2025-12-11 08:11:41.497666,Net Banking,Success,Mobile,Ahmedabad
938162,23393,57983,1366.66,2024-12-01 08:11:41.497667,Wallet,Success,Desktop,Pune
969899,85421,51130,283.78,2025-04-27 08:11:41.497668,Net Banking,Success,Mobile,Mumbai
501454,34954,55267,530.12,2025-02-03 08:11:41.497668,Card,Success,Mobile,Ahmedabad
282387,21550,51658,1257.79,2025-01-22 08:11:41.497670,Wallet,Fraud,Mobile,Mumbai
595320,37607,50207,1188.16,2025-06-17 08:11:41.497670,UPI,Success,Desktop,Pune
828951,36969,53131,1872.68,2025-06-11 08:11:41.497671,Card,Success,Mobile,Delhi
477444,82953,59268,1446.57,2024-12-07 08:11:41.497672,Wallet,Success,Desktop,Hyderabad
691432,37607,56758,821.78,2026-03-28 08:11:41.497673,UPI,Success,Mobile,Hyderabad
418084,59213,52130,634.99,2025-03-12 08:11:41.497674,Wallet,Success,Desktop,Pune
906824,63401,59619,1516.14,2025-04-28 08:11:41.497675,Wallet,Success,Desktop,Mumbai
662082,97173,52068,943.66,2025-02-11 08:11:41.497676,Net Banking,Success,Desktop,Delhi
787247,13233,56272,49843.86,2025-11-21 08:11:41.497677,Net Banking,Success,Mobile,Bangalore
462712,82953,54598,465.65,2025-06-16 08:11:41.497678,Net Banking,Success,Mobile,Ahmedabad
411316,92391,51581,1869.86,2026-03-18 08:11:41.497679,UPI,Fraud,Desktop,Bangalore
602166,35400,55152,1764.58,2025-03-13 08:11:41.497679,Card,Success,Desktop,Chennai
299946,44534,54117,357.61,2025-03-16 08:11:41.497680,Wallet,Success,Desktop,Ahmedabad
751094,55882,59349,1421.9,2026-01-08 08:11:41.497681,Net Banking,Success,Mobile,Pune
933508,92391,58712,1975.1,2025-08-10 08:11:41.497682,UPI,Success,Desktop,Ahmedabad
343947,97554,57308,65.26,2025-07-16 08:11:41.497683,Wallet,Success,Desktop,Bangalore
135523,72610,51502,633.79,2025-05-09 08:11:41.497684,Net Banking,Success,Desktop,Bangalore
984075,14645,56314,1880.91,2025-08-24 08:11:41.497685,Card,Success,Desktop,Mumbai
156562,33561,54132,275.09,2024-12-24 08:11:41.497686,UPI,Failed,Mobile,Ahmedabad
267794,84436,55793,1128.79,2025-11-16 08:11:41.497687,Card,Success,Mobile,Ahmedabad
226652,21436,57027,1229.42,2026-01-05 08:11:41.497688,Net Banking,Success,Mobile,Chennai
484724,70433,54814,447.01,2025-06-12 08:11:41.497689,Card,Success,Desktop,Bangalore
367834,99820,55842,564.77,2025-08-27 08:11:41.497690,Wallet,Success,Desktop,Pune
732412,63401,54898,1815.41,2025-05-17 08:11:41.497690,Wallet,Success,Desktop,Pune
109737,70433,56267,229.98,2025-02-15 08:11:41.497691,UPI,Failed,Mobile,Bangalore
651864,33822,55709,589.53,2025-07-30 08:11:41.497692,Card,Failed,Desktop,Pune
890101,31396,57544,1553.68,2024-11-27 08:11:41.497693,Net Banking,Failed,Mobile,Bangalore
234597,39660,59412,560.81,2026-02-20 08:11:41.497694,Net Banking,Success,Desktop,Hyderabad
427861,22456,51382,1125.78,2025-08-10 08:11:41.497695,Card,Success,Mobile,Chennai
230635,96952,58226,68.86,2025-10-11 08:11:41.497696,Net Banking,Success,Mobile,Hyderabad
536151,74520,59571,1772.06,2025-09-10 08:11:41.497697,Card,Success,Mobile,Hyderabad
696454,21863,50304,31823.61,2025-10-19 08:11:41.497698,Wallet,Success,Mobile,Hyderabad
337875,44516,53043,1185.89,2025-10-25 08:11:41.497699,Card,Success,Mobile,Hyderabad
714395,71227,56788,298.52,2025-04-29 08:11:41.497700,Wallet,Success,Mobile,Delhi
609744,34954,57016,1803.01,2026-02-13 08:11:41.497701,Wallet,Failed,Desktop,Bangalore
628970,92391,55683,1728.37,2025-01-23 08:11:41.497701,Wallet,Failed,Desktop,Pune
652625,15711,58978,459.65,2026-01-15 08:11:41.497702,Net Banking,Success,Mobile,Pune
411617,21550,59305,250.45,2025-10-21 08:11:41.497703,Wallet,Success,Mobile,Bangalore
241140,98436,54384,1774.06,2025-09-09 08:11:41.497704,Card,Success,Desktop,Mumbai
279715,82953,55160,1260.29,2025-04-17 08:11:41.497705,Card,Success,Desktop,Hyderabad
435276,91234,53680,1863.27,2025-07-28 08:11:41.497706,Net Banking,Success,Mobile,Chennai
217581,31396,55791,1953.6,2025-11-11 08:11:41.497707,Wallet,Failed,Desktop,Hyderabad
307310,22456,50463,1768.76,2025-05-03 08:11:41.497708,UPI,Success,Desktop,Bangalore
723328,72903,55171,1486.3,2024-12-10 08:11:41.497709,Net Banking,Success,Mobile,Mumbai
533450,70433,57358,1865.09,2025-09-14 08:11:41.497711,Wallet,Failed,Desktop,Bangalore
176671,48001,55348,1734.92,2025-02-15 08:11:41.497712,UPI,Success,Desktop,Mumbai
658184,99034,57813,570.27,2025-03-14 08:11:41.497714,Card,Success,Mobile,Mumbai
556848,34954,52005,260.79,2025-06-30 08:11:41.497715,UPI,Success,Mobile,Mumbai
619214,34199,55206,1724.26,2026-03-20 08:11:41.497717,UPI,Success,Mobile,Delhi
140787,15641,51360,1642.34,2025-08-18 08:11:41.497719,Wallet,Success,Mobile,Hyderabad
870419,77888,58568,645.12,2026-02-21 08:11:41.497721,UPI,Success,Mobile,Bangalore
165505,21550,56759,493.81,2025-10-28 08:11:41.497722,Wallet,Success,Desktop,Bangalore
767669,16606,55733,426.6,2025-11-29 08:11:41.497724,UPI,Success,Desktop,Hyderabad
601518,20942,59029,1735.49,2025-10-24 08:11:41.497725,Card,Success,Desktop,Hyderabad
878251,30475,50443,21165.0,2026-02-07 08:11:41.497727,UPI,Failed,Desktop,Bangalore
205459,78101,58060,829.37,2024-11-27 08:11:41.497729,UPI,Success,Mobile,Bangalore
190077,41591,57979,31448.63,2025-03-08 08:11:41.497730,UPI,Success,Desktop,Hyderabad
357175,42289,52907,14613.67,2025-09-13 08:11:41.497732,UPI,Success,Desktop,Pune
518732,82953,51059,17142.71,2025-01-20 08:11:41.497733,Wallet,Fraud,Desktop,Ahmedabad
651087,21436,55186,20618.65,2025-07-18 08:11:41.497735,UPI,Success,Desktop,Ahmedabad
759258,82950,55287,897.4,2025-02-09 08:11:41.497736,UPI,Success,Mobile,Chennai
427767,39660,55139,661.67,2026-04-07 08:11:41.497737,Wallet,Success,Mobile,Bangalore
148110,64759,53704,1047.27,2025-05-06 08:11:41.497739,Net Banking,Failed,Desktop,Bangalore
778470,37753,50778,1174.35,2025-01-17 08:11:41.497741,UPI,Failed,Desktop,Mumbai
325506,20365,50261,1432.13,2025-07-04 08:11:41.497742,Wallet,Success,Mobile,Bangalore
992565,31608,53142,1854.87,2025-08-14 08:11:41.497744,UPI,Success,Desktop,Delhi
641355,99082,59773,1452.89,2025-09-08 08:11:41.497745,Net Banking,Success,Mobile,Mumbai
139856,49225,55124,1357.73,2026-03-11 08:11:41.497747,Net Banking,Failed,Mobile,Chennai
772701,85845,50273,186.45,2026-01-01 08:11:41.497752,Net Banking,Success,Mobile,Mumbai
701730,55882,50336,693.89,2025-07-16 08:11:41.497754,Card,Success,Mobile,Pune
927790,14645,51647,1703.63,2025-10-04 08:11:41.497755,Wallet,Success,Mobile,Mumbai
179604,57942,59875,635.63,2025-05-24 08:11:41.497757,Net Banking,Failed,Desktop,Pune
402112,63869,56260,846.37,2025-03-16 08:11:41.497759,Wallet,Failed,Mobile,Delhi
118393,44516,58584,626.53,2025-07-26 08:11:41.497760,UPI,Success,Mobile,Hyderabad
117470,34724,51641,869.87,2025-05-22 08:11:41.497762,Net Banking,Success,Desktop,Hyderabad
352110,96952,53365,37092.72,2025-08-24 08:11:41.497763,Net Banking,Success,Mobile,Mumbai
573714,82564,52313,34620.6,2025-03-14 08:11:41.497765,UPI,Success,Mobile,Hyderabad
545472,21550,52424,1118.48,2026-03-12 08:11:41.497766,Wallet,Failed,Mobile,Bangalore
793488,72903,55547,609.48,2025-12-24 08:11:41.497768,UPI,Success,Mobile,Bangalore
381880,71567,50849,1180.97,2025-11-22 08:11:41.497769,Wallet,Success,Desktop,Pune
807390,49225,54536,956.73,2025-06-30 08:11:41.497771,Net Banking,Failed,Mobile,Chennai
704826,71933,56554,466.72,2026-01-30 08:11:41.497773,UPI,Success,Mobile,Bangalore
751636,96434,58193,1807.3,2024-12-19 08:11:41.497776,Card,Success,Desktop,Chennai
838355,55882,53651,380.9,2025-11-11 08:11:41.497777,Card,Success,Desktop,Ahmedabad
896162,99082,51994,1055.13,2025-08-26 08:11:41.497778,Wallet,Success,Mobile,Mumbai
517223,44516,54832,703.62,2025-01-12 08:11:41.497779,Card,Success,Mobile,Bangalore
232211,34724,55965,1514.72,2025-04-15 08:11:41.497780,Net Banking,Success,Desktop,Chennai
247760,50858,56791,488.05,2025-08-02 08:11:41.497781,Card,Success,Desktop,Pune
891796,77888,52966,97.63,2026-02-04 08:11:41.497782,Wallet,Failed,Mobile,Hyderabad
594714,49225,59898,976.52,2026-03-24 08:11:41.497783,Net Banking,Success,Mobile,Pune
162521,72903,57122,192.02,2024-11-25 08:11:41.497784,Card,Success,Mobile,Pune
658105,55882,50662,1278.04,2025-05-20 08:11:41.497785,Card,Success,Mobile,Pune
497017,55882,51773,1407.89,2025-05-31 08:11:41.497786,UPI,Success,Mobile,Pune
727708,84146,50415,525.77,2025-02-22 08:11:41.497786,Wallet,Success,Mobile,Bangalore
278393,44516,51992,60.81,2025-12-06 08:11:41.497787,Wallet,Success,Desktop,Hyderabad
737424,57667,54038,1551.59,2025-04-09 08:11:41.497788,Wallet,Success,Mobile,Delhi
450134,77888,53836,879.04,2026-01-16 08:11:41.497789,Net Banking,Success,Mobile,Pune
401226,98436,52300,1918.03,2025-10-30 08:11:41.497790,Wallet,Success,Mobile,Bangalore
841930,96952,55696,147.93,2025-06-29 08:11:41.497791,Card,Success,Desktop,Delhi
370912,76338,51422,1704.26,2026-03-31 08:11:41.497792,Net Banking,Success,Mobile,Pune
237767,31608,55157,1612.76,2025-06-29 08:11:41.497793,Net Banking,Failed,Mobile,Pune
416381,99082,55742,1976.39,2025-09-11 08:11:41.497794,UPI,Success,Desktop,Chennai
844848,39660,59220,1902.58,2026-02-19 08:11:41.497795,Net Banking,Failed,Desktop,Pune
689997,63869,54678,1244.67,2025-12-13 08:11:41.497796,Net Banking,Failed,Desktop,Delhi
454369,59213,58825,1034.32,2025-02-01 08:11:41.497797,Card,Fraud,Desktop,Hyderabad
968092,85421,55466,1118.35,2024-12-26 08:11:41.497798,Wallet,Failed,Desktop,Mumbai
886072,33822,56592,1500.13,2026-02-08 08:11:41.497799,Net Banking,Success,Desktop,Chennai
437036,82953,56259,555.42,2025-08-14 08:11:41.497800,Card,Failed,Desktop,Delhi
669183,50681,56701,1293.44,2024-12-09 08:11:41.497800,UPI,Success,Mobile,Chennai
210590,37753,54915,1066.53,2026-02-06 08:11:41.497801,UPI,Success,Mobile,Ahmedabad
121505,34199,58117,585.47,2025-05-11 08:11:41.497802,Wallet,Success,Mobile,Ahmedabad
718105,44534,53383,607.17,2025-02-05 08:11:41.497803,Wallet,Success,Mobile,Chennai
412655,42289,58314,673.43,2026-01-19 08:11:41.497804,Net Banking,Success,Desktop,Hyderabad
286406,13233,56845,319.83,2025-07-26 08:11:41.497805,Card,Success,Desktop,Chennai
195548,16606,56686,1403.2,2024-12-16 08:11:41.497806,Net Banking,Success,Mobile,Pune
462451,21863,59243,175.25,2025-04-06 08:11:41.497807,Net Banking,Success,Desktop,Bangalore
321743,94681,56752,1108.09,2025-11-09 08:11:41.497807,Card,Success,Desktop,Mumbai
902694,14492,59120,453.33,2025-07-21 08:11:41.497808,Wallet,Success,Mobile,Mumbai
859312,24664,57941,1814.44,2025-04-11 08:11:41.497809,Card,Success,Desktop,Bangalore
749386,21863,59544,1406.27,2025-11-19 08:11:41.497810,Wallet,Success,Mobile,Delhi
114541,80958,55648,1542.91,2025-09-07 08:11:41.497811,UPI,Success,Mobile,Bangalore
595406,11966,57953,61.5,2025-02-04 08:11:41.497812,Wallet,Success,Desktop,Chennai
711550,20942,59502,1519.28,2025-08-03 08:11:41.497813,Wallet,Success,Desktop,Bangalore
819230,64873,58250,1909.19,2025-08-09 08:11:41.497814,UPI,Failed,Desktop,Delhi
648191,76338,54385,1507.66,2025-12-04 08:11:41.497815,Card,Success,Desktop,Bangalore
482761,57942,58805,1226.34,2025-08-17 08:11:41.497816,Net Banking,Success,Mobile,Pune
633484,91234,52824,477.87,2025-06-29 08:11:41.497816,Wallet,Success,Mobile,Mumbai
792160,54743,52983,106.6,2026-01-23 08:11:41.497817,Net Banking,Fraud,Mobile,Chennai
878717,44516,50469,1374.33,2025-09-23 08:11:41.497818,Net Banking,Failed,Desktop,Mumbai
690660,49225,54116,371.84,2025-12-31 08:11:41.497819,Wallet,Success,Desktop,Delhi
782191,84184,52434,298.87,2024-12-22 08:11:41.497820,UPI,Success,Mobile,Mumbai
264987,19146,58986,102.58,2025-06-05 08:11:41.497821,UPI,Success,Mobile,Hyderabad
916952,98436,52543,1150.56,2025-07-21 08:11:41.497822,Card,Failed,Mobile,Chennai
202670,37607,50071,1303.36,2025-03-21 08:11:41.497823,Wallet,Success,Desktop,Mumbai
604935,77888,50121,950.31,2025-01-12 08:11:41.497824,Card,Success,Mobile,Pune
468506,94681,53795,789.25,2026-01-28 08:11:41.497825,Card,Success,Mobile,Bangalore
101359,33561,58251,687.35,2025-01-20 08:11:41.497826,Net Banking,Success,Mobile,Pune
916592,85845,56946,789.3,2026-03-03 08:11:41.497827,Wallet,Success,Mobile,Ahmedabad
986856,57667,50171,1672.25,2025-11-17 08:11:41.497828,Wallet,Success,Desktop,Mumbai
548119,16606,57168,209.72,2025-03-08 08:11:41.497829,Net Banking,Success,Desktop,Bangalore
344591,33561,56193,1101.87,2025-02-27 08:11:41.497830,Net Banking,Success,Desktop,Hyderabad
790867,82564,56532,23998.41,2025-01-25 08:11:41.497831,Net Banking,Failed,Desktop,Chennai
563866,20365,51054,1573.4,2025-09-07 08:11:41.497832,Wallet,Success,Mobile,Ahmedabad
854106,13233,51827,1520.75,2025-10-15 08:11:41.497832,Card,Success,Desktop,Mumbai
562914,23393,59938,17974.43,2024-12-15 08:11:41.497833,Card,Success,Mobile,Chennai
453395,70433,51575,347.15,2025-02-28 08:11:41.497834,Wallet,Success,Desktop,Ahmedabad
455094,97173,55148,1355.44,2025-07-22 08:11:41.497835,UPI,Success,Mobile,Hyderabad
954057,33561,54411,475.03,2025-11-22 08:11:41.497836,Wallet,Success,Desktop,Chennai
440222,94681,52698,1545.45,2025-02-11 08:11:41.497837,Wallet,Success,Mobile,Ahmedabad
443836,54743,55148,1234.13,2026-04-06 08:11:41.497838,UPI,Success,Mobile,Bangalore
599089,97173,56422,273.34,2025-11-14 08:11:41.497839,UPI,Success,Mobile,Mumbai
303056,20942,53988,1931.21,2025-04-01 08:11:41.497839,UPI,Failed,Desktop,Ahmedabad
809804,80958,51352,100.07,2025-11-06 08:11:41.497840,Wallet,Success,Mobile,Pune
870183,24664,58549,1370.83,2025-02-03 08:11:41.497843,Wallet,Fraud,Mobile,Bangalore
404960,57667,59614,25866.18,2025-06-11 08:11:41.497844,UPI,Failed,Desktop,Delhi
825188,82564,53442,198.19,2025-06-15 08:11:41.497845,Card,Success,Mobile,Ahmedabad
758741,80958,53972,1273.12,2025-05-05 08:11:41.497846,UPI,Success,Desktop,Delhi
359279,99034,54149,1556.34,2025-07-31 08:11:41.497847,Wallet,Success,Desktop,Mumbai
830593,31396,56008,1220.8,2025-01-19 08:11:41.497848,Net Banking,Success,Desktop,Bangalore
777294,50681,53461,1968.5,2026-01-21 08:11:41.497849,UPI,Failed,Mobile,Pune
324482,71933,55874,727.05,2025-08-22 08:11:41.497850,Wallet,Failed,Mobile,Chennai
941076,97554,56769,772.61,2025-07-06 08:11:41.497851,Wallet,Success,Mobile,Mumbai
200632,24664,55696,715.4,2025-08-03 08:11:41.497852,Wallet,Success,Mobile,Bangalore
161241,14492,57749,1653.55,2025-10-13 08:11:41.497852,Net Banking,Success,Mobile,Hyderabad
935147,96952,54466,1923.54,2025-10-19 08:11:41.497853,UPI,Success,Mobile,Ahmedabad
526873,36135,54260,1665.98,2025-06-29 08:11:41.497854,Net Banking,Success,Mobile,Delhi
461339,84184,51109,899.2,2025-03-13 08:11:41.497855,UPI,Success,Mobile,Pune
476116,33561,55202,1932.67,2025-07-03 08:11:41.497856,Card,Failed,Mobile,Bangalore
193814,64873,58680,1625.99,2025-09-26 08:11:41.497857,Card,Success,Desktop,Hyderabad
123682,74520,53282,992.82,2025-08-17 08:11:41.497858,Wallet,Success,Mobile,Hyderabad
556037,82480,51683,1475.5,2024-12-16 08:11:41.497859,UPI,Success,Desktop,Hyderabad
393019,36969,59126,1710.84,2025-10-25 08:11:41.497860,Card,Success,Desktop,Ahmedabad
207329,82953,51951,218.99,2025-01-17 08:11:41.497861,UPI,Success,Mobile,Pune
999688,40417,58153,525.53,2026-01-01 08:11:41.497861,UPI,Success,Desktop,Bangalore
806602,34724,59577,1240.15,2025-04-15 08:11:41.497862,Net Banking,Fraud,Desktop,Pune
960579,82562,53080,105.96,2025-12-06 08:11:41.497863,Card,Success,Mobile,Pune
828638,84436,56002,404.59,2025-06-19 08:11:41.497864,Wallet,Success,Desktop,Hyderabad
944685,69373,54261,1605.77,2025-09-23 08:11:41.497865,Card,Success,Desktop,Chennai
612418,72610,55261,1766.62,2025-12-09 08:11:41.497866,Wallet,Success,Desktop,Delhi
250063,37607,57483,588.72,2025-01-24 08:11:41.497867,Card,Success,Mobile,Bangalore
753292,57667,51355,1898.72,2025-03-06 08:11:41.497868,Net Banking,Success,Desktop,Chennai
103048,44534,54398,1454.15,2025-09-09 08:11:41.497869,Wallet,Success,Mobile,Mumbai
819379,18341,54883,1528.42,2026-03-16 08:11:41.497870,Card,Success,Mobile,Delhi
412528,76338,56737,1309.51,2025-10-27 08:11:41.497871,UPI,Success,Desktop,Bangalore
112203,84436,54337,1596.22,2025-03-22 08:11:41.497872,Net Banking,Success,Desktop,Chennai
701850,74520,50450,482.11,2025-08-08 08:11:41.497873,Card,Success,Mobile,Delhi
389496,36135,58097,647.1,2025-04-11 08:11:41.497873,UPI,Success,Mobile,Delhi
435667,78101,59884,972.86,2024-12-26 08:11:41.497874,Net Banking,Success,Mobile,Bangalore
434203,14492,55769,879.73,2025-02-16 08:11:41.497875,UPI,Success,Desktop,Bangalore
928596,16606,53293,695.04,2025-09-24 08:11:41.497876,Card,Success,Desktop,Chennai
893243,72610,53472,578.29,2025-09-22 08:11:41.497877,UPI,Success,Desktop,Hyderabad
759581,71933,52351,285.28,2025-05-03 08:11:41.497878,Wallet,Success,Mobile,Chennai
919776,82953,52387,283.13,2025-02-26 08:11:41.497879,UPI,Success,Mobile,Ahmedabad
841866,18341,51034,1536.27,2025-02-11 08:11:41.497880,Wallet,Success,Mobile,Ahmedabad
551237,66910,50793,471.95,2025-05-09 08:11:41.497881,Net Banking,Failed,Mobile,Mumbai
624158,12913,58405,1462.94,2026-01-20 08:11:41.497882,Net Banking,Fraud,Desktop,Pune
413094,82950,58265,30985.47,2025-07-28 08:11:41.497883,Wallet,Success,Mobile,Mumbai
494523,78101,55607,246.03,2024-11-30 08:11:41.497884,UPI,Fraud,Mobile,Pune
297088,71567,55623,493.59,2026-03-20 08:11:41.497884,UPI,Success,Desktop,Delhi
366465,46442,56094,77.59,2026-02-02 08:11:41.497885,Card,Success,Mobile,Chennai
525734,82562,57336,584.91,2025-07-24 08:11:41.497886,Net Banking,Success,Desktop,Mumbai
254255,77888,53924,32134.36,2024-11-29 08:11:41.497887,Card,Success,Mobile,Bangalore
436127,20365,57363,296.25,2025-06-09 08:11:41.497888,Net Banking,Success,Mobile,Mumbai
553385,33822,50185,1007.21,2025-10-20 08:11:41.497889,Net Banking,Success,Mobile,Mumbai
495131,37607,56419,1169.43,2025-01-17 08:11:41.497890,Net Banking,Success,Mobile,Delhi
700250,50681,57967,908.91,2026-02-15 08:11:41.497891,Card,Success,Mobile,Ahmedabad
682634,44516,50959,150.18,2025-01-15 08:11:41.497892,Net Banking,Success,Desktop,Ahmedabad
663977,55407,56831,29109.17,2025-01-30 08:11:41.497892,Wallet,Success,Mobile,Bangalore
249655,96434,50374,831.38,2025-08-25 08:11:41.497893,Net Banking,Success,Desktop,Hyderabad
503292,77888,56261,1277.42,2026-02-15 08:11:41.497894,Wallet,Success,Desktop,Bangalore
484938,71933,52289,340.94,2025-07-12 08:11:41.497895,UPI,Success,Desktop,Pune
325877,13233,57142,642.48,2024-12-27 08:11:41.497896,Wallet,Success,Mobile,Chennai
858678,84146,52679,14738.06,2025-08-17 08:11:41.497897,Net Banking,Success,Mobile,Hyderabad
530489,12913,56957,1232.32,2026-03-31 08:11:41.497898,Card,Fraud,Mobile,Bangalore
379393,77888,56777,490.09,2025-04-03 08:11:41.497898,Card,Success,Mobile,Chennai
423098,34724,50896,928.5,2026-01-24 08:11:41.497899,Card,Fraud,Desktop,Pune
741663,37753,57294,1727.32,2025-09-10 08:11:41.497900,Wallet,Failed,Mobile,Delhi
145636,71093,57033,22215.21,2025-01-17 08:11:41.497901,Net Banking,Success,Mobile,Hyderabad
567783,31608,56540,1238.78,2025-05-07 08:11:41.497902,UPI,Success,Desktop,Mumbai
304552,59213,56094,1897.8,2024-11-27 08:11:41.497903,Card,Failed,Desktop,Mumbai
966849,78101,51781,461.5,2026-01-18 08:11:41.497904,Net Banking,Success,Mobile,Bangalore
836679,48001,57504,356.26,2026-02-28 08:11:41.497905,Net Banking,Success,Mobile,Ahmedabad
107006,49225,52812,196.38,2025-08-10 08:11:41.497906,UPI,Success,Desktop,Chennai
